Expense_ID,Date,Amount,Description,Category
EXP0001,2022-05-29,101.0,Water - municipal $32.10,Utilities
EXP0002,2022-05-19,132.21,Paper cutter - 12 inch,Office Supplies
EXP0003,2022-01-13,2355.33,Urgent care - strep test,Medical
EXP0004,2022-06-01,68.35,Theater - Cats revival,Meals and Entertainment
EXP0005,2022-07-16,198.5,Utility - elec + gas,Utilities
EXP0006,2022-10-02,1168.09,Train - Philly to Balt,Travel
EXP0007,2022-08-12,118.06,Chalk markers - 6 ct,Office Supplies
EXP0008,2022-09-21,962.13,Mail - certified $9,Miscellaneous
EXP0009,2022-11-13,117.17,Trash pickup - Waste Mgmt,Utilities
EXP0010,2022-11-18,1984.75,Amtrak - CHI to STL,Travel
EXP0011,2022-05-20,174.25,Gasoline - BP $42.10,Travel
EXP0012,2022-04-10,379.82,Theater - Lion King Broadway,Meals and Entertainment
EXP0013,2022-08-01,2372.79,Rx - blood pressure meds,Medical
EXP0014,2022-10-25,132.67,Monitor riser - 20 inch,Office Supplies
EXP0015,2022-01-29,95.82,Dividers - 5 tab 10 sets,Office Supplies
EXP0018,2022-11-17,21.13,Catering - team dinner,Meals and Entertainment
EXP0019,2022-06-15,69.89,ATM fee - out of network,Miscellaneous
EXP0020,2022-02-18,2059.0,Contact lenses - annual,Medical
EXP0021,2022-11-21,4447.53,Eye glasses - Walmart,Medical
EXP0022,2022-12-04,654.05,Shipping - Priority Mail,Miscellaneous
EXP0023,2022-09-05,210.73,Power - Florida P&L,Utilities
EXP0024,2022-02-14,3354.68,Outpatient surgery - hernia,Medical
EXP0025,2022-12-13,780.68,Storage unit - 10x10 mo,Rent
EXP0026,2022-03-03,3406.31,Car rental - Avis 2 days,Travel
EXP0027,2022-05-19,33.39,Gas - CenterPoint Jan,Utilities
EXP0028,2022-05-18,724.2,Hyatt Regency - 4 nights,Travel
EXP0029,2022-10-18,107.73,Hotel - Extended Stay,Travel
EXP0030,2022-01-08,29.27,Ink - Epson T125,Office Supplies
EXP0031,2022-01-18,253.66,Hilton hotel - 3 nights,Travel
EXP0033,2022-11-03,589.31,Radisson - 2 night stay,Travel
EXP0034,2022-08-15,457.84,Film outing - 4 tix,Meals and Entertainment
EXP0035,2022-01-08,486.4,Catering - office party 20 ppl,Meals and Entertainment
EXP0036,2022-02-02,186.51,Duplicate train - #567,Travel
EXP0037,2022-02-03,47.89,Index cards - 3x5 200 ct,Office Supplies
EXP0038,2022-08-05,921.3,Amtrak ticket - NY to DC,Travel
EXP0039,2022-11-21,39.31,Taxi fare - downtown trip,Travel
EXP0040,2022-12-25,284.37,Food truck - pizza slice,Meals and Entertainment
EXP0041,2022-10-17,163.44,Heating gas - National Grid,Utilities
EXP0042,2022-06-13,10.02,Flash drive - 32GB SanDisk,Office Supplies
EXP0043,2022-05-31,254.36,Electric bill - PSE&G,Utilities
EXP0044,2022-07-29,168.9,Cutting mat - 18x24 green,Office Supplies
EXP0045,2022-10-10,189.12,Index tabs - 1-10 set,Office Supplies
EXP0046,2022-02-21,221.87,Sewer fee - monthly $45,Utilities
EXP0047,2022-11-20,3770.56,Wheelchair rental - 30 days,Medical
EXP0048,2022-09-29,13.8,Lunch mtg - KFC order,Meals and Entertainment
EXP0049,2022-09-17,1966.3,Toll - turnpike $5.75,Travel
EXP0050,2022-08-25,1006.63,Mileage claim - 200 mi,Travel
EXP0052,2022-08-22,104.22,Food cart - hot dogs,Meals and Entertainment
EXP0053,2022-05-24,60.44,Dinner - Cheesecake Fact,Meals and Entertainment
EXP0054,2022-02-22,82.26,Duplicate water - #456,Utilities
EXP0055,2022-05-04,47.44,Office Supplies - misc items,Office Supplies
EXP0056,2022-06-11,2423.25,Rx pickup - pain reliever,Medical
EXP0057,2022-02-14,769.82,Delivery fee - UPS $28,Miscellaneous
EXP0059,2022-10-30,1140.38,Cab - airport drop-off,Travel
EXP0060,2022-05-12,1826.06,Toll fee - I-95 $12.50,Travel
EXP0061,2022-01-18,25.96,Dup dinner - #234,Meals and Entertainment
EXP0062,2022-07-09,1179.93,Orthodontist - braces adj,Medical
EXP0064,2022-11-12,255.5,Cocktail hr - 3 drinks,Meals and Entertainment
EXP0065,2022-01-29,1341.49,Best Western - 2 nights,Travel
EXP0066,2022-07-24,525.12,Acupuncturist - knee pain,Medical
EXP0067,2022-03-29,237.47,Office chair - ergonomic,Office Supplies
EXP0068,2022-09-06,1499.33,Airfare - AA LAX to JFK,Travel
EXP0069,2022-01-30,168.32,Ink cartridges - HP OfficeJet,Office Supplies
EXP0070,2022-01-15,2324.74,Psychiatrist - 1 hr consult,Medical
EXP0071,2022-11-07,587.8,Sheraton hotel - 5 nights,Travel
EXP0072,2022-10-29,33.6,Parking - street meter,Travel
EXP0073,2022-07-14,361.13,Bfast - bagels for 10,Meals and Entertainment
EXP0074,2022-12-22,580.08,Office lease - Suite 300,Rent
EXP0076,2022-08-26,2491.08,MRI - lower back pain,Medical
EXP0077,2022-12-06,144.19,Dup toner order - #567,Office Supplies
EXP0078,2022-05-26,188.51,Lunch - Burger King,Meals and Entertainment
EXP0079,2022-12-29,148.76,Desk fan - USB powered,Office Supplies
EXP0080,2022-12-18,63.28,Mouse - wired basic,Office Supplies
EXP0081,2022-02-05,108.16,Garbage - weekly pickup,Utilities
EXP0082,2022-06-14,64.96,Binder clips - 50 assorted,Office Supplies
EXP0083,2022-09-16,2859.31,PT session - ankle sprain,Medical
EXP0086,2022-08-01,723.22,Cab ride - hotel to venue,Travel
EXP0087,2022-02-07,188.81,Binders - 1 inch 10 pack,Office Supplies
EXP0089,2022-04-03,49.28,Snacks - meeting $18.75,Miscellaneous
EXP0092,2022-01-26,374.13,Misc - office decor,Miscellaneous
EXP0093,2022-10-29,4733.07,Massage therapy - neck pain,Medical
EXP0094,2022-12-20,3325.16,Pharmacy - migraine meds,Medical
EXP0095,2022-01-28,2161.56,Therapist session - 1 hr,Medical
EXP0096,2022-08-18,9.45,Parking pass - temp $20,Miscellaneous
EXP0098,2022-10-22,3163.74,Pediatric checkup - vaccines,Medical
EXP0099,2022-05-14,32.35,Dry erase board - 24x36,Office Supplies
EXP0100,2022-08-17,175.01,Ink refill - Canon Pixma,Office Supplies
EXP0101,2022-07-10,187.92,Shredder bags - 20 gal,Office Supplies
EXP0102,2022-08-14,50.94,Dup airfare - #1234,Travel
EXP0103,2022-05-11,1043.69,CPAP machine - sleep apnea,Medical
EXP0104,2022-02-27,42.42,Paper clips - 1000 ct box,Office Supplies
EXP0105,2022-02-14,1284.25,Subway fare - $2.75,Travel
EXP0106,2022-07-31,93.44,City water bill - Q1 2022,Utilities
EXP0107,2022-05-13,180.28,Clipboards - 9x12 3 pk,Office Supplies
EXP0108,2022-02-13,1595.04,OTC meds - allergy relief,Medical
EXP0109,2022-12-10,56.11,USB drives - 16GB 5 pack,Office Supplies
EXP0110,2022-10-12,285.46,Wine bar - client drinks,Meals and Entertainment
EXP0111,2022-04-01,186.37,Dup paper order - #101,Office Supplies
EXP0114,2022-01-10,353.96,Other cost - team gift,Miscellaneous
EXP0115,2022-12-12,1666.57,Metro card - DC 1 week,Travel
EXP0116,2022-10-31,444.85,Doctor Visit - flu shot,Medical
EXP0117,2022-04-27,571.93,Miscellaneous - supplies,Miscellaneous
EXP0118,2022-05-21,47.67,Scissors - left-hand 8 in,Office Supplies
EXP0119,2022-07-16,366.12,Staples - printer paper 5 reams,Office Supplies
EXP0120,2022-11-20,2066.64,Emergency surgery - gallstone,Medical
EXP0121,2022-01-24,605.1,United flight - SFO to ORD,Travel
EXP0122,2022-12-18,107.07,Dup electric bill - #123,Utilities
EXP0123,2022-08-22,458.01,Gas fill-up - Shell 03/10,Travel
EXP0124,2022-01-09,840.68,Gift card - client thank you,Miscellaneous
EXP0125,2022-10-05,72.49,Sketch pad - 9x12,Office Supplies
EXP0128,2022-06-13,8.78,Duplicate coffee - #101,Meals and Entertainment
EXP0129,2022-12-26,2379.19,Dental filling - cavity,Medical
EXP0131,2022-10-09,146.19,Dinner - Carrabba’s,Meals and Entertainment
EXP0135,2022-10-11,77.46,Desk - small corner unit,Office Supplies
EXP0136,2022-04-07,251.42,Electricity - Xcel Energy,Utilities
EXP0139,2022-01-02,149.16,Notebook - spiral 5-subject,Office Supplies
EXP0141,2022-10-18,417.74,Breakfast - Bob Evans,Meals and Entertainment
EXP0142,2022-10-03,743.38,Label printer - Brother,Office Supplies
EXP0143,2022-10-08,560.3,Traffic ticket - $50,Miscellaneous
EXP0144,2022-04-21,2575.72,Hospital bill - duplicate #456,Medical
EXP0145,2022-03-07,2301.36,CT scan - head trauma,Medical
EXP0147,2022-10-03,4176.71,ER stay - dehydration,Medical
EXP0148,2022-11-24,1461.42,Family doctor - cold symptoms,Medical
EXP0149,2022-03-03,126.97,Tape - 3M 1 inch 6 rolls,Office Supplies
EXP0151,2022-04-08,37.17,Cleaning svc - carpets,Miscellaneous
EXP0152,2022-03-15,237.57,Movie night - AMC 4 tickets,Meals and Entertainment
EXP0153,2022-05-04,1049.87,Vision test - LensCrafters,Medical
EXP0154,2022-02-16,658.03,Dup hotel bill - #890,Travel
EXP0157,2022-05-26,488.41,Bus ticket - Greyhound,Travel
EXP0158,2022-05-18,2375.74,Blood work - Quest Diag,Medical
EXP0159,2022-01-19,7.51,Coffee machine filter,Miscellaneous
EXP0160,2022-07-31,196.21,Dinner - Texas Roadhouse,Meals and Entertainment
EXP0162,2022-02-26,9.96,Coffee run - Tim Hortons,Meals and Entertainment
EXP0164,2022-11-06,1539.1,Late fee - rent $50,Miscellaneous
EXP0165,2022-05-25,55.81,Office misc - glue,Office Supplies
EXP0167,2022-05-29,621.83,Spirit Air - ORD to LAS,Travel
EXP0168,2022-01-31,154.9,Post-its - 2x2 8 pads,Office Supplies
EXP0170,2022-11-11,1300.7,Primary care visit - Dr. Smith,Medical
EXP0171,2022-06-11,1755.59,Prenatal visit - ultrasound,Medical
EXP0172,2022-05-27,125.83,Calculator - TI-30X basic,Office Supplies
EXP0173,2022-09-30,87.26,Permanent markers - 8 ct,Office Supplies
EXP0174,2022-09-15,345.87,Bar - trivia night tab,Meals and Entertainment
EXP0175,2022-01-22,323.66,Delta flight - ATL to JFK,Travel
EXP0180,2022-08-15,105.88,Uber ride - airport pickup,Travel
EXP0181,2022-07-23,1657.96,Lyft - airport transfer,Travel
EXP0182,2022-02-12,933.87,Lyft - hotel pickup,Travel
EXP0184,2022-03-17,315.68,Theater - Annie show,Meals and Entertainment
EXP0187,2022-11-20,2524.91,Rental car - Hertz SUV,Travel
EXP0188,2022-05-10,151.31,Dup order - ink cart #456,Office Supplies
EXP0189,2022-03-04,142.33,Lyft ride - dinner outing,Travel
EXP0192,2022-04-22,7.11,Coffee - Cafe Nero run,Meals and Entertainment
EXP0194,2022-03-16,2223.94,Ambulance fee - 02/20/25,Medical
EXP0198,2022-06-22,179.97,Toner - Samsung MLT-D,Office Supplies
EXP0200,2022-06-13,427.82,Theater - Wicked matinee,Meals and Entertainment
EXP0201,2022-03-09,65.74,Envelopes - 9x12 50 ct,Office Supplies
EXP0202,2022-11-20,2495.83,Rehab stay - post-surgery,Medical
EXP0203,2022-09-01,4788.38,Dental cleaning - annual check,Medical
EXP0204,2022-04-25,239.8,Power bill - 2 mo late,Utilities
EXP0205,2022-02-05,509.45,JetBlue - MIA to BOS,Travel
EXP0207,2022-07-04,9.73,Coffee - gas station,Meals and Entertainment
EXP0208,2022-10-22,2997.66,Duplicate hospital bill - #123,Medical
EXP0210,2022-12-16,4285.02,MRI scan - shoulder injury,Medical
EXP0211,2022-02-10,142.26,Scissors - 6 inch kids,Office Supplies
EXP0212,2022-06-05,28.23,Ruler - 18 inch steel,Office Supplies
EXP0214,2022-01-20,70.37,USB hub - 4 port,Office Supplies
EXP0215,2022-06-27,4563.99,Minor surgery - cyst removal,Medical
EXP0216,2022-10-26,416.0,Play - Macbeth local,Meals and Entertainment
EXP0217,2022-10-16,591.73,Lyft - conference shuttle,Travel
EXP0218,2022-05-07,272.37,Trash service - 1 month,Utilities
EXP0221,2022-01-14,526.99,Train pass - Boston 1 wk,Travel
EXP0222,2022-11-12,369.01,Oxygen tank - respiratory,Medical
EXP0223,2022-02-24,31.31,Whiteboard markers - Expo,Office Supplies
EXP0224,2022-09-26,749.26,Flight - BOS to SFO,Travel
EXP0230,2022-03-12,78.23,Folders - hanging 25 pack,Office Supplies
EXP0232,2022-08-28,493.3,Bfast - donut dozen,Meals and Entertainment
EXP0233,2022-01-24,893.48,Fuel - Exxon $50.23,Travel
EXP0234,2022-08-03,620.7,Penalty - tax delay,Miscellaneous
EXP0235,2022-06-21,117.25,Labels - Avery 5160,Office Supplies
EXP0238,2022-03-10,158.31,Gas utility - Atmos Feb,Utilities
EXP0242,2022-07-31,915.63,App sub - Slack 1 mo,Miscellaneous
EXP0243,2022-11-14,124.18,PG&E electric - office use,Utilities
EXP0247,2022-03-21,818.22,Acupuncture - chronic pain,Medical
EXP0250,2022-04-03,962.8,Apartment - 2 bdrm $1500,Rent
EXP0251,2022-03-29,181.54,Ruler set - 12 inch plastic,Office Supplies
EXP0252,2022-07-29,198.24,Postage - intl $25,Miscellaneous
EXP0253,2022-01-29,171.63,Office Supplies - tape,Office Supplies
EXP0255,2022-12-03,458.88,Catering - board mtg,Meals and Entertainment
EXP0256,2022-04-22,1370.46,UberX - trade show,Travel
EXP0257,2022-06-22,106.59,Binders - 3 inch 5 pk,Office Supplies
EXP0259,2022-04-22,55.73,Ink - Brother LC103,Office Supplies
EXP0262,2022-04-05,236.25,Power bill - Duke Energy,Utilities
EXP0264,2022-09-11,491.23,Breakfast - IHOP staff mtg,Meals and Entertainment
EXP0265,2022-09-19,10.16,Brunch - Egg & I cafe,Meals and Entertainment
EXP0267,2022-12-03,713.84,Soda - vending refill,Miscellaneous
EXP0268,2022-11-12,255.86,Sewer bill - city $50,Utilities
EXP0271,2022-12-09,121.23,Duplicate staples - #789,Office Supplies
EXP0277,2022-05-18,3928.18,OT session - shoulder,Medical
EXP0279,2022-04-20,1898.16,Alaska Air - SEA to PHX,Travel
EXP0281,2022-08-04,2613.94,PET scan - cancer screening,Medical
EXP0282,2022-06-24,43.48,Dinner - Outback team,Meals and Entertainment
EXP0283,2022-04-27,65.38,Scissors - Fiskars 8 inch,Office Supplies
EXP0286,2022-08-29,42.59,Note cards - 4x6 100 ct,Office Supplies
EXP0288,2022-10-14,2833.06,Ambulance - heart attack,Medical
EXP0295,2022-11-29,2177.69,Rx refill - insulin supply,Medical
EXP0296,2022-03-20,610.59,Clinic visit - rash diag,Medical
EXP0297,2022-09-01,58.85,Whiteboard eraser - 2 pk,Office Supplies
EXP0298,2022-12-15,305.8,Brunch - Cafe Bella 6 ppl,Meals and Entertainment
EXP0301,2022-04-01,21.05,Fine - parking lot $30,Miscellaneous
EXP0306,2022-12-20,123.58,Desk lamp - LED adjustable,Office Supplies
EXP0307,2022-08-02,1661.21,Uber - team lunch,Travel
EXP0311,2022-09-06,160.16,Desk calendar - 2025,Office Supplies
EXP0312,2022-11-20,3427.44,EMS transport - 01/10/25,Medical
EXP0314,2022-10-15,148.72,Water fee - overdue $75,Utilities
EXP0316,2022-08-20,280.61,Cinema - family outing,Meals and Entertainment
EXP0318,2022-05-23,697.05,Frontier - DEN to ATL,Travel
EXP0321,2022-05-28,12.75,Chair cushion - lumbar,Office Supplies
EXP0322,2022-02-22,1422.52,Hospital - 2 day admission,Medical
EXP0324,2022-03-06,1351.89,Bus fare - local route,Travel
EXP0325,2022-06-07,134.56,Toner - HP 83A black,Office Supplies
EXP0326,2022-07-07,242.63,Sewer - quarterly $120,Utilities
EXP0327,2022-05-14,59.94,Box cutter - heavy duty,Office Supplies
EXP0330,2022-10-07,2744.1,Pain meds - Walgreens pickup,Medical
EXP0332,2022-12-08,129.58,Ad hoc cost - misc,Miscellaneous
EXP0334,2022-08-12,200.42,WiFi - Frontier 200 Mbps,Utilities
EXP0336,2022-01-27,261.25,Cocktails - hotel bar,Meals and Entertainment
EXP0340,2022-06-04,11.31,Keyboard tray - underdesk,Office Supplies
EXP0343,2022-04-05,156.98,Whiteboard - 36x48 framed,Office Supplies
EXP0346,2022-07-15,952.52,Vitamin inj - B12 shot,Medical
EXP0356,2022-06-27,43.01,Packing tape - 2 inch,Office Supplies
EXP0357,2022-02-03,3964.05,Counseling - anxiety 45 min,Medical
EXP0359,2022-11-19,1266.7,CT scan - abdominal issue,Medical
EXP0360,2022-11-04,1171.35,Hospital stay - 3 nights ICU,Medical
EXP0361,2022-11-20,1415.55,American flight - DFW to MIA,Travel
EXP0362,2022-09-26,784.5,Late charge - utility,Miscellaneous
EXP0363,2022-08-20,402.65,Musical - Dear Evan Hansen,Meals and Entertainment
EXP0364,2022-11-18,316.22,Office chair - mesh back,Office Supplies
EXP0365,2022-04-10,2674.81,GP check - high fever,Medical
EXP0366,2022-08-27,433.06,Lunch meeting - Olive Garden,Meals and Entertainment
EXP0368,2022-12-20,127.67,AT&T internet - 50 Mbps,Utilities
EXP0371,2022-03-16,9.95,Coffee - Starbucks team mtg,Meals and Entertainment
EXP0372,2022-09-05,33.44,Parking - garage $12,Miscellaneous
EXP0373,2022-07-20,901.07,Gift - holiday bonus,Miscellaneous
EXP0375,2022-12-29,13.45,Graph paper - 50 sheets,Office Supplies
EXP0376,2022-01-02,187.88,Thumb drives - 8GB 10 pk,Office Supplies
EXP0377,2022-08-03,3.03,Coffee shop - local brew,Meals and Entertainment
EXP0378,2022-09-13,341.21,Printer toner - Brother TN660,Office Supplies
EXP0380,2022-12-26,91.94,Hearing aid fitting - Costco,Medical
EXP0382,2022-08-15,108.08,Movie - Avengers premiere,Meals and Entertainment
EXP0383,2022-06-16,1385.75,Marriott stay - 2 nights,Travel
EXP0385,2022-07-05,1265.72,Uber - client meeting,Travel
EXP0386,2022-10-07,5.08,Parking - street $8,Miscellaneous
EXP0387,2022-06-06,146.98,Food cart - falafel,Meals and Entertainment
EXP0388,2022-06-23,91.41,Dup dinner bill - #123,Meals and Entertainment
EXP0390,2022-03-21,391.8,Teeth whitening - dentist,Medical
EXP0391,2022-02-21,718.5,Surgical procedure - appendix,Medical
EXP0395,2022-11-18,41.65,Binder - 2 inch D-ring,Office Supplies
EXP0400,2022-12-06,122.28,File folders - 50 pack,Office Supplies
EXP0401,2022-09-22,138.11,Comcast internet - Jan 2022,Utilities
EXP0402,2022-05-07,23.23,Post-it notes - 3x3 yellow,Office Supplies
EXP0403,2022-11-04,150.35,Sticky pads - 3x5 6 pk,Office Supplies
EXP0404,2022-06-28,772.03,Cab ride - 15 mi trip,Travel
EXP0405,2022-05-21,169.32,Concert - Billie Eilish,Meals and Entertainment
EXP0406,2022-10-18,74.95,Highlighters - 12 pack,Office Supplies
EXP0407,2022-05-24,74.86,Taxi - late night return,Travel
EXP0408,2022-07-06,93.46,Office snack restock - $15,Miscellaneous
EXP0409,2022-08-27,599.67,License - Adobe 1 mo,Miscellaneous
EXP0411,2022-11-03,2857.93,Office rent - 123 Main St,Rent
EXP0412,2022-04-13,167.03,General expense - misc,Miscellaneous
EXP0414,2022-08-19,150.45,Stapler - electric,Office Supplies
EXP0416,2022-08-15,8.65,Coffee run - 7-Eleven,Meals and Entertainment
EXP0418,2022-07-29,4494.74,Pharmacy - vitamins purchase,Medical
EXP0421,2022-07-18,41.24,Keyboard - wireless Logitech,Office Supplies
EXP0422,2022-12-22,37.53,Post-it flags - 1 inch,Office Supplies
EXP0423,2022-08-10,43.69,Parking - airport lot $45,Travel
EXP0425,2022-06-26,274.71,Subway pass - NYC 3 days,Travel
EXP0426,2022-10-31,188.92,Tape dispenser refill - Scotch,Office Supplies
EXP0430,2022-06-24,1421.05,Bus pass - 5 day,Travel
EXP0436,2022-07-23,64.4,Chair mat - 48x60 clear,Office Supplies
EXP0440,2022-11-12,576.49,Holiday Inn - 1 night stay,Travel
EXP0441,2022-09-01,638.11,Dup misc charge - #101,Miscellaneous
EXP0443,2022-01-05,105.63,Fix - leaky faucet,Miscellaneous
EXP0445,2022-07-02,127.33,Paper shredder - cross-cut,Office Supplies
EXP0449,2022-01-29,366.12,Concert - Drake live,Meals and Entertainment
EXP0453,2022-09-21,147.87,Stapler - Swingline heavy,Office Supplies
EXP0454,2022-08-16,2570.49,ER bill - duplicate charge,Medical
EXP0455,2022-11-26,385.8,Cocktails - rooftop bar,Meals and Entertainment
EXP0456,2022-07-15,1107.62,Dr. appt - allergy testing,Medical
EXP0458,2022-11-08,72.06,Dinner expense - Sushi Yama,Meals and Entertainment
EXP0459,2022-10-20,161.11,Office supplies - pens,Office Supplies
EXP0460,2022-01-25,127.56,Mouse pad - gel wrist,Office Supplies
EXP0461,2022-08-17,495.61,Football - Giants game,Meals and Entertainment
EXP0465,2022-11-28,3993.45,Play - Rent at local,Meals and Entertainment
EXP0467,2022-01-09,194.04,Utility knife - retractable,Office Supplies
EXP0468,2022-03-04,29.94,Monitor stand - adjustable,Office Supplies
EXP0469,2022-01-24,26.25,Clipboard - legal size,Office Supplies
EXP0470,2022-11-13,318.43,Movie night - 6 tickets,Meals and Entertainment
EXP0472,2022-06-19,110.72,Lunch - Wendy’s quick mtg,Meals and Entertainment
EXP0473,2022-02-07,115.69,Occupational therapy - hand,Medical
EXP0474,2022-08-04,62.09,Catering - workshop lunch,Meals and Entertainment
EXP0477,2022-08-09,463.96,Blood test - LabCorp invoice,Medical
EXP0480,2022-11-03,263.76,Lunch mtg - Subway order,Meals and Entertainment
EXP0481,2022-02-16,499.07,Concert - Taylor Swift,Meals and Entertainment
EXP0482,2022-01-14,97.22,Cinema - IMAX 3D movie,Meals and Entertainment
EXP0485,2022-03-13,227.39,Movie outing - Regal Cinema,Meals and Entertainment
EXP0489,2022-07-14,37.48,Cleaning - spill fix,Miscellaneous
EXP0491,2022-09-18,127.25,USB stick - 64GB 2 pk,Office Supplies
EXP0492,2022-10-12,128.24,Protractor - geometry set,Office Supplies
EXP0493,2022-12-28,40.41,Parking garage - $30/day,Travel
EXP0494,2022-10-29,63.13,Office misc - sticky tape,Office Supplies
EXP0495,2022-06-23,4683.22,ICU stay - pneumonia 5 days,Medical
EXP0496,2022-07-11,83.53,Dinner - Chilis w/ client,Meals and Entertainment
EXP0498,2022-05-04,1949.19,Physical therapy - knee rehab,Medical
EXP0500,2022-06-20,89.14,Staples - heavy duty,Office Supplies
EXP0505,2022-11-17,24.4,Sheet protectors - 50 ct,Office Supplies
EXP0506,2022-02-14,160.47,Duplicate lunch - #456,Meals and Entertainment
EXP0509,2022-08-14,99.05,Verizon fiber - 100 Mbps,Utilities
EXP0510,2022-09-28,13.48,Hockey game - Rangers,Meals and Entertainment
EXP0511,2022-10-16,36.55,Manila folders - 100 pack,Office Supplies
EXP0513,2022-08-15,62.35,Taxi - conf center,Travel
EXP0515,2022-12-31,3100.19,Endocrinologist - thyroid,Medical
EXP0520,2022-07-06,55.31,Internet - Optimum plan,Utilities
EXP0523,2022-09-04,159.79,Dry erase markers - 12 ct,Office Supplies
EXP0525,2022-05-12,4749.07,EMS ride - accident 03/01,Medical
EXP0526,2022-11-15,147.01,Lunch - Five Guys w/ team,Meals and Entertainment
EXP0528,2022-03-02,1921.59,Allegiant - LAS to PHX,Travel
EXP0532,2022-08-13,2236.05,Neurologist - migraine eval,Medical
EXP0534,2022-02-08,897.61,Mileage - 100 mi $58,Travel
EXP0537,2022-02-23,2003.79,Oncologist visit - chemo,Medical
EXP0549,2022-03-16,134.85,Street eats - gyro,Meals and Entertainment
EXP0553,2022-06-09,116.97,Mouse pads - 10 pack,Office Supplies
EXP0557,2022-09-17,1192.04,Rental - Budget sedan,Travel
EXP0565,2022-01-29,129.4,Envelopes - kraft 100 ct,Office Supplies
EXP0567,2022-01-12,4419.01,Eye exam - new glasses,Medical
EXP0574,2022-02-22,647.91,Bridge toll - $8 cash,Travel
EXP0575,2022-06-22,124.84,Flash drive - 128GB,Office Supplies
EXP0588,2022-09-23,169.77,Desk organizer - Amazon order,Office Supplies
EXP0589,2022-03-13,2054.37,OB-GYN visit - checkup,Medical
EXP0592,2022-01-24,159.01,Office misc - clips,Office Supplies
EXP0597,2022-03-24,279.76,Courtyard Marriott - 3 nts,Travel
EXP0598,2022-02-05,259.05,Bar tab - Friday drinks,Meals and Entertainment
EXP0600,2022-03-07,601.39,Retail space - downtown,Rent
EXP0603,2022-07-04,4242.16,Walker purchase - MedSupply,Medical
EXP0604,2022-11-19,56.3,Catering - holiday party,Meals and Entertainment
EXP0605,2022-06-14,127.93,Spectrum Wi-Fi - business,Utilities
EXP0606,2022-04-03,114.99,Southwest air - LAX to DEN,Travel
EXP0614,2022-11-14,412.32,Theater - Phantom Opera,Meals and Entertainment
EXP0616,2022-05-17,5.87,Coffee - Caribou run,Meals and Entertainment
EXP0618,2022-07-08,1992.07,Chiro adjust - spine issue,Medical
EXP0620,2022-10-11,1869.87,Cardiologist visit - EKG test,Medical
EXP0632,2022-04-22,46.22,Pens and pencils - bulk pack,Office Supplies
EXP0636,2022-05-06,189.04,Catering - conf lunch 50,Meals and Entertainment
EXP0645,2022-03-23,9.66,Coffee - Blue Bottle,Meals and Entertainment
EXP0659,2022-11-20,106.93,Internet - Cox 150 Mbps,Utilities
EXP0665,2022-09-11,1829.25,ER visit - broken arm treatment,Medical
EXP0676,2022-04-10,37.44,Catering - sales event,Meals and Entertainment
EXP0677,2022-09-28,117.38,Guillotine cutter - 15 in,Office Supplies
EXP0683,2022-12-23,109.79,Memo pads - 5x7 10 pack,Office Supplies
EXP0685,2022-04-09,229.28,Electric - Con Edison,Utilities
EXP0686,2022-07-18,906.6,Printer ink - Dell 3100,Office Supplies
EXP0688,2022-05-25,102.75,Notepads - 8x10 5 pack,Office Supplies
EXP0691,2022-06-21,82.48,Penalty - late filing,Miscellaneous
EXP0693,2022-12-20,257.37,Catering - staff lunch,Meals and Entertainment
EXP0694,2022-12-09,190.97,Mail svc - overnight $40,Miscellaneous
EXP0697,2022-03-11,380.46,Play tickets - Hamilton,Meals and Entertainment
EXP0700,2022-09-13,156.43,Gift - employee bday,Miscellaneous
EXP0716,2022-09-18,7.12,Coffee shop - indie,Meals and Entertainment
EXP0718,2022-06-03,455.26,Apartment lease - Unit 4B,Rent
EXP0724,2022-01-27,45.85,Parking meter - 2 hrs,Miscellaneous
EXP0730,2022-11-20,42.45,Dinner - LongHorn Steak,Meals and Entertainment
EXP0731,2022-06-30,922.47,Bank charge - $10,Miscellaneous
EXP0733,2022-04-11,561.97,Dup expense - #789,Miscellaneous
EXP0735,2022-07-28,448.8,Cinema - kids movie,Meals and Entertainment
EXP0738,2022-08-18,153.6,Soccer match - MLS tix,Meals and Entertainment
EXP0741,2022-06-20,498.05,Concert tix - U2 at MSG,Meals and Entertainment
EXP0753,2022-07-22,32.73,Compass - drafting tool,Office Supplies
EXP0759,2022-01-30,2595.17,GP visit - annual physical,Medical
EXP0765,2022-09-09,943.46,Dup charge - misc #123,Miscellaneous
EXP0770,2022-08-14,40.41,Lunch - Arby’s w/ mgr,Meals and Entertainment
EXP0772,2022-10-22,230.3,Filter - HVAC unit,Miscellaneous
EXP0773,2022-04-15,258.33,Gas bill - SoCalGas Feb,Utilities
EXP0784,2022-03-07,32.13,Note pads - 4x6 6 pack,Office Supplies
EXP0787,2022-09-06,187.59,Duplicate order - paper #123,Office Supplies
EXP0789,2022-01-09,166.15,Baseball game - Mets tix,Meals and Entertainment
EXP0790,2022-08-18,247.83,Catering - seminar 30 ppl,Meals and Entertainment
EXP0795,2022-02-12,632.51,Nebulizer - asthma treat,Medical
EXP0799,2022-02-02,3993.05,Cane rental - 2 weeks,Medical
EXP0805,2022-11-05,2436.27,Warehouse rental - 5000 sqft,Rent
EXP0812,2022-12-20,756.93,Walk-in clinic - flu diag,Medical
EXP0815,2022-06-21,963.2,Candy - reception desk,Miscellaneous
EXP0816,2022-08-24,529.06,Mileage - 150 mi @ $0.58,Travel
EXP0819,2022-11-03,342.97,Flowers - office decor,Miscellaneous
EXP0820,2022-09-25,3416.92,Speech therapy - 1 session,Medical
EXP0825,2022-06-06,291.42,Water utility - Mar 2025,Utilities
EXP0827,2022-01-01,195.82,Dinner - PF Chang’s,Meals and Entertainment
EXP0829,2022-10-14,371.9,Lunch - Taco Bell w/ mgr,Meals and Entertainment
EXP0836,2022-04-12,210.38,Movie - comedy night,Meals and Entertainment
EXP0837,2022-06-12,58.38,Marker set - 24 colors,Office Supplies
EXP0838,2022-11-19,101.99,Film - horror night,Meals and Entertainment
EXP0851,2022-02-22,2656.83,Ambulance ride - 12/15/24,Medical
EXP0862,2022-06-11,2941.8,Facility rent - conf room,Rent
EXP0866,2022-01-09,3238.29,OTC purchase - cough syrup,Medical
EXP0871,2022-05-15,3011.76,Shop rental - mall kiosk,Rent
EXP0875,2022-03-14,717.66,Break room snacks - $20,Miscellaneous
EXP0876,2022-11-27,140.34,Markers - Crayola 10 ct,Office Supplies
EXP0880,2022-10-22,168.95,Envelopes - #10 500 ct,Office Supplies
EXP0883,2022-12-20,192.46,Sticky notes - bulk 12 pads,Office Supplies
EXP0898,2022-07-23,199.47,Cleaning svc - one-time,Miscellaneous
EXP0901,2022-08-01,1530.01,Ultrasound - prenatal care,Medical
EXP0902,2022-07-02,400.73,Lunch - Chick-fil-A,Meals and Entertainment
EXP0915,2022-08-31,442.42,Concert - Beyonce tour,Meals and Entertainment
EXP0926,2022-02-27,841.47,Toll violation - $10 fine,Miscellaneous
EXP0928,2022-06-07,2267.89,Urgent care - ear infection,Medical
EXP0929,2022-07-28,493.15,Freight - DHL $22.10,Miscellaneous
EXP0933,2022-04-28,401.48,Movie - Star Wars 2 tix,Meals and Entertainment
EXP0943,2022-11-06,388.68,Lunch - Popeyes team,Meals and Entertainment
EXP0950,2022-06-30,199.69,Highlighter - BIC 5 pack,Office Supplies
EXP0955,2022-07-03,121.85,Toner refill - Xerox 106R,Office Supplies
EXP0956,2022-06-18,23.71,Toner - Lexmark E260,Office Supplies
EXP0960,2022-07-24,79.78,Team lunch - Panera Bread,Meals and Entertainment
EXP0969,2022-08-11,48.22,ATM withdrawal fee,Miscellaneous
EXP0985,2022-04-21,111.18,Hampton Inn - 1 night,Travel
EXP0996,2022-03-10,98.16,Catering - training day,Meals and Entertainment
EXP1002,2022-11-13,423.7,Pub night - 5 drinks,Meals and Entertainment
EXP1025,2022-04-05,271.59,Motel 6 - overnight,Travel
EXP1054,2022-12-22,68.88,Staples - 5000 ct box,Office Supplies
EXP1060,2022-07-13,285.31,Breakfast - Waffle House,Meals and Entertainment
EXP1061,2022-02-24,1938.56,Antibiotics - CVS Pharmacy,Medical
EXP1076,2022-04-18,850.59,Unexpected repair - printer,Miscellaneous
EXP1085,2022-02-22,424.13,Bar drinks - 4 cocktails,Meals and Entertainment
EXP1094,2022-07-14,261.85,Film - action flick,Meals and Entertainment
EXP1099,2022-08-12,4203.19,Surgery - knee replacement,Medical
EXP1110,2022-07-05,38.0,Sub - Microsoft 365,Miscellaneous
EXP1116,2022-10-16,4453.35,X-ray - chest infection,Medical
EXP1131,2022-01-30,35.84,Taxi fare - city tour,Travel
EXP1135,2022-05-09,377.83,Street food - vendor cart,Meals and Entertainment
EXP1143,2022-04-29,168.62,Dinner - Italian Bistro,Meals and Entertainment
EXP1145,2022-12-02,12.99,Lunch - McDonald’s mtg,Meals and Entertainment
EXP1167,2022-09-24,349.07,Catering - lunch 25 ppl,Meals and Entertainment
EXP1170,2022-09-16,54.51,Misc expense - petty cash,Miscellaneous
EXP1177,2022-04-16,476.5,Catering - wedding event,Meals and Entertainment
EXP1193,2022-01-25,4283.13,Duplicate Rx charge - #789,Medical
EXP1199,2022-07-14,287.37,Musical - Les Miserables,Meals and Entertainment
EXP1200,2022-09-09,166.34,Prescription meds from Rite Aid,Medical
EXP1202,2022-07-14,347.89,Brunch - Mimosa House,Meals and Entertainment
EXP1206,2022-01-06,4833.03,Chiropractor appt - back pain,Medical
EXP1213,2022-09-16,45.04,Ink - Epson 252XL black,Office Supplies
EXP1217,2022-08-08,59.37,Label maker - Dymo refill,Office Supplies
EXP1227,2022-08-11,6.6,Coffee pod restock,Miscellaneous
EXP1249,2022-12-24,1403.06,Lab test - cholesterol,Medical
EXP1251,2022-08-27,693.66,Water cooler refill,Miscellaneous
EXP1259,2022-07-05,39.39,Desk shelf - 2 tier,Office Supplies
EXP1266,2022-05-29,1350.28,Car hire - Enterprise,Travel
EXP1269,2022-07-05,101.82,Plants - office lobby,Miscellaneous
EXP1285,2022-10-19,114.49,Lunch - Sonic drive-in,Meals and Entertainment
EXP1287,2022-07-25,359.11,Duplicate fee - #234,Miscellaneous
EXP1291,2022-08-07,18.17,Rulers - 6 inch 10 pack,Office Supplies
EXP1305,2022-08-10,94.07,Late fee - vendor invoice,Miscellaneous
EXP1307,2022-01-01,3262.06,Therapy - depression 50 min,Medical
EXP1326,2022-06-02,186.62,Duplicate ink - #234,Office Supplies
EXP1354,2022-01-20,94.69,Stapler - mini 2 pack,Office Supplies
EXP1357,2022-07-26,391.68,Repair - chair wheel,Miscellaneous
EXP1359,2022-02-12,994.89,Janitorial - extra clean,Miscellaneous
EXP1362,2022-07-17,84.26,Paper shredder oil,Office Supplies
EXP1380,2022-02-11,8.46,Coffee - Costa order,Meals and Entertainment
EXP1395,2022-01-28,8.81,Coffee - Peet’s team chat,Meals and Entertainment
EXP1403,2022-11-15,1466.83,Vitamin D supplements - Rx,Medical
EXP1414,2022-07-18,56.0,Legal pads - yellow 12 pack,Office Supplies
EXP1416,2022-11-27,91.07,Street food - pretzel,Meals and Entertainment
EXP1422,2022-07-29,80.34,Highlighters - Sharpie neon,Office Supplies
EXP1436,2022-11-12,7.71,Coffee - Krispy Kreme,Meals and Entertainment
EXP1443,2022-11-03,200.69,Dermatologist - skin biopsy,Medical
EXP1501,2022-08-08,3975.09,Rx - anti-inflammatory,Medical
EXP1511,2022-03-07,315.99,Sports game - Yankees tix,Meals and Entertainment
EXP1524,2022-06-21,464.13,Shipping cost - FedEx $32,Miscellaneous
EXP1526,2022-11-29,148.58,Lunch - Chipotle w/ client,Meals and Entertainment
EXP1549,2022-12-20,3340.09,Pharmacy - flu medication,Medical
EXP1578,2022-11-17,206.81,NBA game - Knicks tix,Meals and Entertainment
EXP1600,2022-12-22,949.84,Stamps - bulk $11,Miscellaneous
EXP1603,2022-01-22,25.16,Dinner - TGI Fridays,Meals and Entertainment
EXP1608,2022-09-27,184.83,Medical equip - crutches,Medical
EXP1610,2022-01-01,661.71,Medical brace - wrist,Medical
EXP1611,2022-07-31,7.28,Coffee shop - Dunkin order,Meals and Entertainment
EXP1622,2022-05-20,613.79,Speeding fine - $75,Miscellaneous
EXP1627,2022-02-19,94.12,Happy hour - local pub,Meals and Entertainment
EXP1629,2022-03-27,2592.02,Rental - late fee $100,Rent
EXP1647,2022-10-09,176.99,Brunch - Sunday buffet,Meals and Entertainment
EXP1652,2022-11-19,937.69,Cleaning - window wash,Miscellaneous
EXP1656,2022-07-30,198.41,Wine tasting - 5 ppl,Meals and Entertainment
EXP1661,2022-05-03,3009.95,Pharmacy - asthma inhaler,Medical
EXP1665,2022-10-18,2662.91,Equipment rent - forklift,Rent
EXP1710,2022-11-05,682.43,Ad hoc - team outing,Miscellaneous
EXP1743,2022-07-02,184.05,Desk light - clip-on,Office Supplies
EXP1749,2022-01-12,100.19,Bfast - Denny’s w/ team,Meals and Entertainment
EXP1751,2022-09-30,496.41,Catering - team retreat,Meals and Entertainment
EXP1753,2022-05-07,5.93,Clipboard - letter size 5 pk,Office Supplies
EXP1769,2022-10-08,3824.75,Root canal - dental clinic,Medical
EXP1789,2022-04-22,789.36,Train ticket - NJ to NY,Travel
EXP1799,2022-07-17,948.59,Delivery - Amazon $15,Miscellaneous
EXP1812,2022-08-26,380.4,Catering - client mtg,Meals and Entertainment
EXP1814,2022-02-21,677.27,Postage - USPS $12.50,Miscellaneous
EXP1837,2022-05-14,17.76,Dup catering - #789,Meals and Entertainment
EXP1871,2022-03-12,983.55,Repair - desk drawer,Miscellaneous
EXP1932,2022-10-24,94.86,Misc cost - small tools,Miscellaneous
EXP1955,2022-05-12,56.32,Toner - Canon 137 refill,Office Supplies
EXP2002,2022-12-22,490.2,Brunch - Pancake House,Meals and Entertainment
EXP2028,2022-09-23,175.76,Dinner - client at Ruth’s Chris,Meals and Entertainment
EXP2044,2022-09-16,266.5,Property lease - 1 yr,Rent
EXP2046,2022-08-05,129.45,Subscription - Zoom 1 mo,Miscellaneous
EXP2119,2022-08-18,163.94,Software sub - Dropbox,Miscellaneous
EXP2131,2022-09-15,49.9,Dinner - Red Lobster,Meals and Entertainment
EXP2140,2022-11-03,145.52,Dinner - Bonefish Grill,Meals and Entertainment
EXP2158,2022-12-15,50.93,Unplanned fix - light,Miscellaneous
EXP2169,2022-05-04,112.5,Brunch - First Watch,Meals and Entertainment
EXP2185,2022-02-27,424.6,Other - event ticket,Miscellaneous
EXP2200,2022-03-29,122.49,Dinner - Applebee’s,Meals and Entertainment
EXP2248,2022-08-20,453.94,Food truck - tacos for 10,Meals and Entertainment
EXP2264,2022-07-19,207.57,Concert - Coldplay 2 tix,Meals and Entertainment
EXP2272,2022-12-06,913.38,Wire transfer fee - $15,Miscellaneous
EXP2285,2022-07-23,29.38,Parking ticket - $40,Miscellaneous
EXP2331,2022-03-02,68.64,Game - Lakers tix,Meals and Entertainment
EXP2392,2022-01-04,22.09,Dup brunch - #567,Meals and Entertainment
EXP2458,2022-12-13,107.94,Movie - romcom 2 tix,Meals and Entertainment
EXP2497,2022-02-13,7.43,Coffee - McD’s run,Meals and Entertainment
EXP2563,2022-05-01,333.99,Movie - 3D screening,Meals and Entertainment
EXP2587,2022-12-16,183.14,Play - Our Town local,Meals and Entertainment
EXP2625,2022-05-15,373.05,Bar tab - karaoke night,Meals and Entertainment
EXP2638,2022-02-09,448.42,Duplicate misc - #456,Miscellaneous
EXP3061,2022-05-15,348.74,Miscellaneous - fees,Miscellaneous
EXP3064,2022-03-11,1575.84,Dup rent bill - #789,Rent
EXP3106,2022-04-19,287.09,Breakfast - Cracker Barrel,Meals and Entertainment
EXP3118,2022-06-26,175.86,Bank fee - overdraft $35,Miscellaneous
EXP3234,2022-08-30,34.45,Pub tab - beer night,Meals and Entertainment
EXP3282,2022-01-31,21.09,Air purifier filter,Miscellaneous
EXP3464,2022-04-05,28.86,Musical - Book of Mormon,Meals and Entertainment
EXP4296,2022-09-12,16.96,Theater - Oklahoma!,Meals and Entertainment
EXP4301,2022-08-02,82.68,Concert - Ed Sheeran,Meals and Entertainment
EXP4626,2022-01-16,312.75,Pub night - 6 beers,Meals and Entertainment
EXP4647,2022-10-03,115.61,Theater - Chicago show,Meals and Entertainment
EXP5302,2022-07-22,39.79,Parking fine - downtown $25,Miscellaneous
EXP7475,2022-07-04,2284.34,Office Rent - Bldg 5,Rent
